model,term,beta,se,OR,lower95,upper95
m1_ndvi_ED_LULC,ndvi,-0.4127254896785352,0.385400612753827,0.6618439408861738,0.31095387469628205,1.4086893193261716
m1_ndvi_ED_LULC,ED_scaled,0.18585973316416132,0.07588321108594086,1.2042533317259736,1.0378265176690997,1.3973685026185632
m1_ndvi_ED_LULC,LULC_class10,0.14963943061306287,0.1369174872501996,1.1614153963837828,0.8880574479924442,1.5189171894302673
m1_ndvi_ED_LULC,LULC_class11,0.23876135147114433,0.16856271062615186,1.2696754942361461,0.9124503907031438,1.7667545294396982
m1_ndvi_ED_LULC,LULC_class81,0.41668074346108386,0.3099188201444369,1.51691814958286,0.8263307647570439,2.7846484370098885
m1_ndvi_ED_LULC,LULC_class190,0.6476845479225587,0.4280879429593332,1.9111106169730834,0.825828775710788,4.422640500948493
m1_ndvi_ED_LULC,LULC_class62,0.4115260110170543,0.17654195656329047,1.509118961016956,1.0676967690922488,2.133040114411104
m1_ndvi_ED_LULC,LULC_class210,-1.3141182066004693,0.5310319070952246,0.2687111665334926,0.09489912966272392,0.7608677895826117
